id,file,time,confidence
0,output/eng_01_001_024-300-1-15.png,111.86,0.89
1,output/eng_01_001_024-300-16-30.png,448.99,0.89
2,output/eng_01_001_024-300-31-45.png,257.64,0.9
3,output/eng_01_001_024-300-46-46.png,24.73,0.96
4,output/eng_01_002_079-300-1-15.png,83.18,0.89
5,output/eng_01_002_079-300-16-30.png,87.55,0.89
6,output/eng_01_002_133-300-1-15.png,170.16,0.9
7,output/eng_01_002_133-300-16-30.png,110.96,0.89
8,output/eng_01_002_133-300-31-35.png,56.62,0.93
9,output/eng_01_002_181-300-1-15.png,67.63,0.9
10,output/eng_01_002_181-300-31-40.png,88.65,0.92
11,output/eng_01_004_089-300-1-15.png,78.15,0.9
12,output/eng_01_004_089-300-16-30.png,79.67,0.9
13,output/eng_01_004_089-300-31-31.png,26.41,0.94
14,output/eng_01_004_117-300-1-15.png,106.0,0.89
15,output/eng_01_004_117-300-16-30.png,103.43,0.89
16,output/eng_01_004_117-300-31-45.png,530.09,0.89
17,output/eng_01_004_117-300-46-49.png,28.57,0.92
18,output/eng_02_008_061-300-1-15.png,129.24,0.9
19,output/eng_02_008_061-300-16-30.png,89.77,0.89
20,output/eng_02_008_061-300-31-41.png,63.46,0.93
21,output/eng_02_009_125-300-1-15.png,112.7,0.9
22,output/eng_02_009_125-300-16-30.png,379.55,0.9
23,output/eng_02_009_125-300-31-36.png,34.45,0.95
24,output/eng_02_011_126-300-1-15.png,125.38,0.89
25,output/eng_02_011_126-300-16-30.png,170.11,0.89
26,output/eng_02_011_126-300-31-35.png,28.09,0.94
27,output/eng_02_012_125-300-1-15.png,60.59,0.89
28,output/eng_02_012_125-300-16-30.png,117.0,0.89
29,output/eng_02_012_125-300-31-45.png,291.28,0.89
30,output/eng_02_012_125-300-46-49.png,25.84,0.94
31,output/eng_02_013_038-300-1-15.png,90.26,0.89
32,output/eng_02_013_038-300-16-29.png,85.85,0.92
33,output/eng_02_013_039-300-1-15.png,72.2,0.89
34,output/eng_02_013_039-300-16-30.png,82.94,0.89
35,output/eng_02_013_117-300-1-15.png,58.35,0.9
36,output/eng_02_013_117-300-16-30.png,85.96,0.89
37,output/eng_02_013_117-300-31-45.png,173.28,0.9
38,output/eng_02_013_117-300-46-49.png,34.6,0.92
39,output/eng_02_015_048-300-1-15.png,103.36,0.9
40,output/eng_02_015_048-300-16-30.png,160.22,0.89
41,output/eng_02_015_048-300-31-43.png,68.59,0.9
42,output/eng_02_016_119-300-1-15.png,84.21,0.9
43,output/eng_02_016_119-300-16-30.png,505.38,0.9
44,output/eng_02_016_119-300-31-45.png,258.62,0.89
45,output/eng_02_016_119-300-46-47.png,23.08,0.95
46,output/eng_03_019_163-300-1-15.png,62.54,0.9
47,output/eng_03_019_163-300-16-25.png,62.05,0.92
48,output/eng_04_020_020-300-1-15.png,117.34,0.9
49,output/eng_04_020_020-300-16-30.png,114.77,0.89
50,output/eng_04_020_020-300-31-34.png,26.71,0.93
51,output/eng_04_020_122-300-1-15.png,117.54,0.89
52,output/eng_04_020_122-300-16-27.png,69.01,0.94
53,output/eng_04_021_061-300-1-15.png,102.91,0.89
54,output/eng_04_021_061-300-16-30.png,81.11,0.89
55,output/eng_04_021_061-300-31-42.png,60.75,0.94
56,output/eng_04_022_182-300-1-15.png,118.11,0.9
57,output/eng_04_022_182-300-16-30.png,76.59,0.89
58,output/eng_04_022_182-300-31-31.png,24.4,0.97
59,output/eng_04_024_041-300-1-15.png,126.08,0.9
60,output/eng_04_024_041-300-16-30.png,169.53,0.9
61,output/eng_04_024_041-300-31-45.png,185.93,0.89
62,output/eng_04_024_041-300-46-49.png,45.69,0.94
63,output/eng_04_024_132-300-1-15.png,102.56,0.89
64,output/eng_04_024_132-300-16-30.png,88.66,0.89
65,output/eng_04_024_132-300-31-43.png,58.32,0.91
66,output/eng_04_025_012-300-1-15.png,69.48,0.9
67,output/eng_04_025_012-300-16-30.png,217.91,0.89
68,output/eng_04_025_012-300-31-45.png,91.78,0.89
69,output/eng_04_025_012-300-46-48.png,43.05,0.93
70,output/eng_04_026_029-300-1-15.png,69.37,0.9
71,output/eng_04_026_029-300-16-30.png,116.5,0.9
72,output/eng_04_026_029-300-31-42.png,108.82,0.94
73,output/eng_04_026_105-300-1-15.png,81.09,0.9
74,output/eng_04_026_105-300-16-30.png,1022.47,0.9
75,output/eng_04_026_105-300-31-45.png,80.56,0.9
76,output/eng_04_026_105-300-46-46.png,25.25,0.94
77,output/eng_04_027_123-300-1-15.png,141.2,0.9
78,output/eng_04_027_123-300-16-30.png,506.45,0.9
79,output/eng_04_027_123-300-31-45.png,77.64,0.9
80,output/eng_04_027_123-300-46-46.png,8.21,0.97
81,output/eng_04_027_144-300-1-15.png,66.55,0.9
82,output/eng_04_027_144-300-16-26.png,66.72,0.92
83,output/eng_05_035_050-300-1-15.png,90.8,0.9
84,output/eng_05_035_050-300-16-29.png,74.5,0.92
85,output/eng_05_035_051-300-1-15.png,119.38,0.89
86,output/eng_05_035_051-300-16-30.png,507.53,0.89
87,output/eng_05_035_051-300-31-36.png,32.69,0.94
88,output/eng_05_035_056-300-1-15.png,149.69,0.89
89,output/eng_05_035_056-300-16-28.png,69.16,0.91
90,output/eng_05_036_083-300-1-15.png,66.1,0.9
91,output/eng_05_036_083-300-16-27.png,55.58,0.94
92,output/eng_05_037_119-300-1-15.png,74.74,0.89
93,output/eng_05_037_119-300-16-30.png,180.71,0.9
94,output/eng_05_037_119-300-31-45.png,286.23,0.89
95,output/eng_05_037_168-300-1-15.png,80.08,0.89
96,output/eng_05_037_168-300-16-30.png,105.6,0.9
97,output/eng_05_037_168-300-31-39.png,53.46,0.95
98,output/eng_05_038_021-300-1-15.png,94.79,0.89
99,output/eng_01_002_181-300-16-30.png,266.62,0.89
100,output/eng_01_001_093-300-1-15.png,134.66,0.9
101,output/eng_01_001_093-300-16-30.png,148.31,0.9
102,output/eng_01_001_093-300-31-45.png,117.88,0.9
103,output/eng_01_001_093-300-46-47.png,19.82,0.91
104,output/eng_01_001_170-300-1-15.png,145.91,0.9
105,output/eng_01_001_170-300-16-30.png,299.89,0.89
106,output/eng_01_001_170-300-31-42.png,62.71,0.93
107,output/eng_01_002_007-300-1-15.png,97.89,0.89
108,output/eng_01_002_007-300-16-30.png,184.34,0.9
109,output/eng_01_002_007-300-31-36.png,58.55,0.94
110,output/eng_01_005_169-300-1-15.png,106.22,0.89
111,output/eng_01_005_169-300-16-30.png,136.95,0.9
112,output/eng_01_005_169-300-31-38.png,60.45,0.94
113,output/eng_02_006_084-300-1-15.png,72.24,0.89
114,output/eng_02_006_084-300-16-30.png,69.91,0.89
115,output/eng_02_006_084-300-31-32.png,15.11,0.93
116,output/eng_02_007_110-300-1-15.png,110.32,0.89
117,output/eng_02_007_110-300-16-30.png,126.64,0.9
118,output/eng_02_007_110-300-31-38.png,54.77,0.95
119,output/eng_02_007_153-300-1-15.png,106.32,0.89
120,output/eng_02_007_153-300-16-30.png,94.11,0.89
121,output/eng_02_007_153-300-31-45.png,133.55,0.9
122,output/eng_02_007_153-300-46-49.png,43.33,0.93
123,output/eng_02_008_056-300-1-15.png,100.0,0.9
124,output/eng_02_008_056-300-16-30.png,129.02,0.9
125,output/eng_02_008_056-300-31-44.png,86.92,0.93
126,output/eng_02_008_066-300-1-15.png,105.3,0.9
127,output/eng_02_008_066-300-16-30.png,107.56,0.9
128,output/eng_02_008_066-300-31-40.png,49.34,0.92
129,output/eng_02_008_149-300-1-15.png,124.5,0.9
130,output/eng_02_008_149-300-16-30.png,98.67,0.89
131,output/eng_02_008_149-300-31-37.png,36.2,0.94
132,output/eng_02_011_025-300-1-15.png,62.14,0.9
133,output/eng_02_011_025-300-16-30.png,92.51,0.9
134,output/eng_02_011_025-300-31-40.png,53.21,0.92
135,output/eng_02_013_141-300-1-15.png,117.51,0.9
136,output/eng_02_013_141-300-16-30.png,130.99,0.9
137,output/eng_02_013_141-300-31-41.png,60.44,0.93
138,output/eng_02_014_019-300-1-15.png,104.66,0.9
139,output/eng_02_014_019-300-16-30.png,71.97,0.89
140,output/eng_02_014_019-300-31-41.png,52.38,0.93
141,output/eng_02_014_151-300-1-15.png,76.75,0.9
142,output/eng_02_014_151-300-16-30.png,125.72,0.9
143,output/eng_02_014_151-300-31-36.png,55.81,0.94
144,output/eng_02_015_014-300-1-15.png,75.35,0.9
145,output/eng_02_015_014-300-16-24.png,41.98,0.95
146,output/eng_02_016_096-300-1-15.png,116.99,0.9
147,output/eng_02_016_096-300-16-30.png,352.49,0.9
148,output/eng_02_016_096-300-31-45.png,192.3,0.9
149,output/eng_02_016_125-300-1-15.png,110.51,0.89
150,output/eng_02_016_125-300-16-30.png,182.86,0.9
151,output/eng_02_016_125-300-31-33.png,26.89,0.94
152,output/eng_03_018_005-300-1-15.png,116.3,0.9
153,output/eng_03_018_005-300-16-30.png,302.28,0.9
154,output/eng_03_018_005-300-31-43.png,106.3,0.91
155,output/eng_03_018_020-300-1-15.png,71.75,0.9
156,output/eng_03_018_020-300-16-30.png,76.38,0.9
157,output/eng_03_018_020-300-31-32.png,18.82,0.95
158,output/eng_03_019_048-300-1-15.png,105.21,0.9
159,output/eng_03_019_048-300-16-30.png,102.47,0.89
160,output/eng_03_019_048-300-31-45.png,304.1,0.9
161,output/eng_03_019_048-300-46-47.png,18.29,0.93
162,output/eng_03_019_094-300-1-15.png,104.48,0.9
163,output/eng_03_019_094-300-16-23.png,46.08,0.95
164,output/eng_04_020_074-300-1-15.png,115.0,0.9
165,output/eng_04_020_074-300-16-30.png,135.18,0.89
166,output/eng_04_020_074-300-31-45.png,89.43,0.9
167,output/eng_04_020_074-300-46-49.png,17.99,0.92
168,output/eng_04_020_094-300-1-15.png,83.03,0.9
169,output/eng_04_020_094-300-16-21.png,34.51,0.94
170,output/eng_04_021_074-300-1-15.png,106.57,0.9
171,output/eng_04_021_074-300-16-27.png,52.39,0.94
172,output/eng_04_021_087-300-1-15.png,79.31,0.89
173,output/eng_04_021_087-300-16-30.png,161.02,0.89
174,output/eng_04_021_087-300-31-45.png,115.88,0.89
175,output/eng_04_021_087-300-46-46.png,9.9,0.96
176,output/eng_04_022_025-300-1-15.png,115.73,0.89
177,output/eng_04_022_025-300-16-30.png,78.45,0.9
178,output/eng_04_022_025-300-31-40.png,46.21,0.92
179,output/eng_04_022_052-300-1-15.png,99.38,0.89
180,output/eng_04_022_052-300-16-30.png,87.19,0.89
181,output/eng_04_022_052-300-31-36.png,36.48,0.94
182,output/eng_04_022_168-300-1-15.png,86.92,0.9
183,output/eng_04_022_168-300-16-29.png,66.42,0.93
184,output/eng_04_023_007-300-1-15.png,77.25,0.9
185,output/eng_04_023_007-300-16-28.png,111.93,0.91
186,output/eng_04_023_066-300-1-15.png,70.76,0.89
187,output/eng_04_023_066-300-16-30.png,710.56,0.9
188,output/eng_04_023_066-300-31-42.png,84.66,0.94
189,output/eng_04_024_030-300-1-15.png,114.42,0.89
190,output/eng_04_024_030-300-16-30.png,340.3,0.89
191,output/eng_04_024_030-300-31-45.png,606.9,0.9
192,output/eng_04_024_030-300-46-49.png,48.87,0.92
193,output/eng_04_024_068-300-1-15.png,118.13,0.9
194,output/eng_04_024_068-300-16-30.png,79.86,0.89
195,output/eng_04_024_068-300-31-41.png,79.72,0.92
196,output/eng_04_025_088-300-1-15.png,90.93,0.9
197,output/eng_04_025_088-300-16-30.png,68.34,0.9
198,output/eng_04_025_088-300-31-40.png,62.51,0.92
199,output/eng_04_025_156-300-1-15.png,98.43,0.89
200,output/eng_04_025_156-300-16-30.png,102.65,0.89
201,output/eng_04_025_156-300-31-45.png,119.09,0.9
202,output/eng_04_025_156-300-46-47.png,14.63,0.94
203,output/eng_04_026_005-300-1-15.png,75.69,0.9
204,output/eng_04_026_005-300-16-30.png,127.83,0.9
205,output/eng_04_026_005-300-31-43.png,72.73,0.91
206,output/eng_04_026_093-300-1-15.png,95.49,0.89
207,output/eng_04_026_093-300-16-30.png,87.25,0.89
208,output/eng_04_026_093-300-31-45.png,262.59,0.9
209,output/eng_04_026_093-300-46-49.png,22.88,0.93
210,output/eng_04_026_108-300-1-15.png,114.51,0.89
211,output/eng_04_026_108-300-16-30.png,78.19,0.89
212,output/eng_04_026_108-300-31-45.png,129.55,0.89
213,output/eng_04_026_108-300-46-46.png,15.06,0.96
214,output/eng_04_027_073-300-1-15.png,71.43,0.9
215,output/eng_04_027_073-300-16-30.png,141.02,0.9
216,output/eng_04_027_073-300-31-45.png,114.64,0.9
217,output/eng_04_027_073-300-46-49.png,76.72,0.93
218,output/eng_04_028_027-300-1-15.png,117.31,0.89
219,output/eng_04_028_027-300-16-27.png,101.7,0.94
220,output/eng_05_033_036-300-1-15.png,79.29,0.9
221,output/eng_05_033_036-300-16-30.png,131.3,0.89
222,output/eng_05_033_036-300-31-39.png,61.11,0.95
223,output/eng_05_033_152-300-1-15.png,72.37,0.89
224,output/eng_05_033_152-300-16-30.png,117.57,0.89
225,output/eng_05_033_152-300-31-44.png,59.45,0.93
226,output/eng_05_033_155-300-1-15.png,61.77,0.89
227,output/eng_05_033_155-300-16-30.png,105.92,0.89
228,output/eng_05_033_155-300-31-45.png,72.16,0.89
229,output/eng_05_033_155-300-46-51.png,83.16,0.95
230,output/eng_05_033_157-300-1-15.png,67.89,0.9
231,output/eng_05_033_157-300-16-30.png,114.02,0.89
232,output/eng_05_033_157-300-31-33.png,23.09,0.94
233,output/eng_05_034_001-300-1-15.png,124.02,0.89
234,output/eng_05_034_001-300-16-30.png,151.51,0.9
235,output/eng_05_034_001-300-31-36.png,50.68,0.94
236,output/eng_05_034_152-300-1-15.png,105.65,0.89
237,output/eng_05_034_152-300-16-28.png,117.18,0.9
238,output/eng_05_035_065-300-1-15.png,80.51,0.89
239,output/eng_05_035_065-300-16-30.png,72.31,0.89
240,output/eng_05_035_193-300-1-15.png,121.58,0.9
241,output/eng_05_035_193-300-16-25.png,69.78,0.92
242,output/eng_05_036_152-300-1-15.png,129.19,0.89
243,output/eng_05_036_152-300-16-30.png,151.63,0.89
244,output/eng_05_036_152-300-31-32.png,33.15,0.94
245,output/eng_05_036_195-300-1-15.png,84.28,0.9
246,output/eng_05_036_195-300-16-26.png,66.53,0.93
247,output/eng_05_037_129-300-1-15.png,57.29,0.9
248,output/eng_05_037_129-300-16-30.png,113.6,0.9
249,output/eng_05_037_129-300-31-38.png,53.3,0.95
250,output/eng_05_038_008-300-1-15.png,106.72,0.89
251,output/eng_05_038_008-300-16-30.png,108.87,0.9
252,output/eng_05_038_008-300-31-43.png,74.05,0.9
253,output/eng_05_038_021-300-16-30.png,140.81,0.9
254,output/eng_05_038_021-300-31-41.png,59.5,0.92
255,output/eng_05_038_150-300-1-15.png,91.97,0.89
256,output/eng_05_038_150-300-16-30.png,101.16,0.89
257,output/eng_05_038_150-300-31-44.png,102.31,0.92
258,output/eng_05_039_031-300-1-15.png,63.53,0.89
259,output/eng_05_039_031-300-16-30.png,97.05,0.89
260,output/eng_05_039_031-300-31-42.png,58.44,0.93
261,output/eng_05_039_069-300-1-15.png,104.24,0.89
262,output/eng_05_039_069-300-16-30.png,71.23,0.89
263,output/eng_05_039_069-300-31-39.png,51.17,0.95
264,output/eng_05_039_174-300-1-15.png,105.15,0.89
265,output/eng_05_039_174-300-16-30.png,114.75,0.9
266,output/eng_05_039_174-300-31-45.png,77.98,0.9
267,output/eng_05_039_174-300-46-47.png,24.8,0.94
268,output/eng_05_040_109-300-1-15.png,77.91,0.9
269,output/eng_05_040_109-300-16-30.png,91.84,0.89
270,output/eng_05_040_109-300-31-45.png,82.31,0.9
271,output/eng_05_040_109-300-46-48.png,25.27,0.92
272,output/eng_05_041_040-300-1-15.png,66.91,0.89
273,output/eng_05_041_040-300-16-30.png,102.13,0.89
274,output/eng_05_041_040-300-31-45.png,74.88,0.9
275,output/eng_05_041_089-300-1-15.png,125.68,0.89
276,output/eng_05_041_089-300-16-30.png,73.87,0.89
277,output/eng_05_041_089-300-31-44.png,81.8,0.93
278,output/eng_05_041_133-300-1-15.png,116.06,0.89
279,output/eng_05_041_133-300-16-30.png,145.52,0.9
280,output/eng_05_041_133-300-31-42.png,64.82,0.93
281,output/eng_05_042_109-300-1-15.png,71.83,0.9
282,output/eng_05_042_109-300-16-30.png,112.42,0.89
283,output/eng_05_042_109-300-31-31.png,17.96,0.96
284,output/eng_05_042_125-300-1-15.png,74.17,0.9
285,output/eng_05_042_125-300-16-30.png,72.59,0.89
286,output/eng_05_042_125-300-31-37.png,34.27,0.94
287,output/eng_05_042_157-300-1-15.png,66.96,0.9
288,output/eng_05_042_157-300-16-27.png,105.13,0.94
289,output/eng_05_043_135-300-1-15.png,89.05,0.9
290,output/eng_05_043_135-300-16-30.png,123.28,0.89
291,output/eng_05_043_135-300-31-42.png,55.65,0.93
292,output/eng_05_044_067-300-1-15.png,117.09,0.89
293,output/eng_05_044_067-300-16-30.png,94.02,0.9
294,output/eng_05_044_067-300-31-45.png,97.94,0.89
295,output/eng_05_044_067-300-46-48.png,31.85,0.94
296,output/eng_05_044_118-300-1-15.png,95.19,0.9
297,output/eng_05_044_118-300-16-30.png,297.44,0.9
298,output/eng_05_044_118-300-31-37.png,46.83,0.95
299,output/eng_05_045_009-300-1-15.png,148.22,0.89
300,output/eng_05_045_009-300-16-30.png,104.08,0.89
301,output/eng_05_045_009-300-31-37.png,43.46,0.94
302,output/eng_05_045_081-300-1-15.png,74.24,0.89
303,output/eng_05_045_081-300-16-30.png,90.79,0.9
304,output/eng_05_045_081-300-31-45.png,120.19,0.9
305,output/eng_05_045_081-300-46-46.png,18.98,0.93
306,output/eng_05_045_105-300-1-15.png,76.13,0.89
307,output/eng_05_045_105-300-16-30.png,152.69,0.89
308,output/eng_05_045_105-300-31-45.png,133.08,0.9
309,output/eng_05_045_105-300-46-47.png,16.88,0.94
310,output/eng_05_046_034-300-1-15.png,117.74,0.9
311,output/eng_05_046_034-300-16-30.png,81.89,0.89
312,output/eng_05_046_034-300-31-33.png,20.01,0.93
313,output/eng_05_046_052-300-1-15.png,110.95,0.9
314,output/eng_05_046_052-300-16-29.png,62.72,0.93
315,output/eng_05_046_059-300-1-15.png,114.23,0.89
316,output/eng_05_046_059-300-16-30.png,125.21,0.89
317,output/eng_05_046_059-300-31-45.png,92.6,0.89
318,output/eng_05_046_059-300-46-48.png,28.58,0.93
319,output/eng_05_046_079-300-1-15.png,119.63,0.89
320,output/eng_05_046_079-300-16-30.png,151.16,0.89
321,output/eng_05_046_079-300-31-33.png,27.24,0.93
322,output/eng_05_046_116-300-1-15.png,76.2,0.89
323,output/eng_05_046_116-300-16-30.png,124.7,0.9
324,output/eng_05_046_116-300-31-45.png,120.56,0.9
325,output/eng_05_046_116-300-46-49.png,47.21,0.92
326,output/eng_05_048_096-300-1-15.png,117.13,0.9
327,output/eng_05_048_096-300-16-30.png,136.59,0.89
328,output/eng_05_048_096-300-31-40.png,65.9,0.92
329,output/eng_05_048_124-300-1-15.png,82.23,0.9
330,output/eng_05_048_124-300-16-30.png,368.73,0.9
331,output/eng_05_048_124-300-31-45.png,108.9,0.9
332,output/eng_05_048_124-300-46-49.png,30.82,0.93
333,output/eng_06_049_067-300-1-9.png,48.05,0.95
334,output/eng_06_049_145-300-1-15.png,68.44,0.9
335,output/eng_06_049_145-300-16-27.png,82.65,0.94
336,output/eng_06_050_021-300-1-15.png,103.46,0.89
337,output/eng_06_050_021-300-16-30.png,99.3,0.89
338,output/eng_06_050_021-300-31-40.png,62.29,0.92
339,output/eng_06_050_124-300-1-15.png,79.99,0.9
340,output/eng_06_050_124-300-16-30.png,83.96,0.9
341,output/eng_06_050_124-300-31-45.png,98.08,0.9
342,output/eng_06_050_124-300-46-47.png,16.8,0.92
343,output/eng_06_050_132-300-1-15.png,101.1,0.89
344,output/eng_06_050_132-300-16-30.png,349.43,0.89
345,output/eng_06_050_132-300-31-45.png,116.17,0.89
346,output/eng_06_050_132-300-46-47.png,14.54,0.93
347,output/eng_06_050_148-300-1-15.png,79.42,0.89
348,output/eng_06_050_148-300-16-30.png,87.27,0.9
349,output/eng_06_050_148-300-31-45.png,182.13,0.9
350,output/eng_06_050_148-300-46-47.png,26.38,0.94
351,output/eng_06_051_055-300-1-15.png,70.69,0.9
352,output/eng_06_051_055-300-16-30.png,171.25,0.89
353,output/eng_06_051_055-300-31-44.png,72.35,0.93
354,output/eng_06_051_097-300-1-15.png,99.36,0.89
355,output/eng_06_051_097-300-16-27.png,52.04,0.94
356,output/eng_06_052_013-300-1-15.png,111.1,0.9
357,output/eng_06_052_013-300-16-30.png,85.45,0.89
358,output/eng_06_052_013-300-31-45.png,104.87,0.9
359,output/eng_06_052_013-300-46-48.png,28.16,0.93
360,output/eng_06_052_096-300-1-15.png,127.84,0.89
361,output/eng_06_052_096-300-16-30.png,119.38,0.9
362,output/eng_06_052_096-300-31-40.png,75.66,0.92
363,output/eng_06_052_123-300-1-15.png,84.6,0.9
364,output/eng_06_052_123-300-16-24.png,48.51,0.95
365,output/eng_06_052_168-300-1-15.png,109.28,0.9
366,output/eng_06_052_168-300-16-24.png,55.4,0.95
367,output/eng_06_052_179-300-1-15.png,61.23,0.9
368,output/eng_06_052_179-300-16-30.png,99.74,0.89
369,output/eng_06_052_179-300-31-38.png,57.13,0.95
370,output/eng_06_053_014-300-1-15.png,113.15,0.9
371,output/eng_06_053_014-300-16-29.png,78.4,0.93
372,output/eng_06_053_095-300-1-15.png,87.68,0.9
373,output/eng_06_053_095-300-16-30.png,115.9,0.89
374,output/eng_06_053_095-300-31-35.png,49.24,0.94
375,output/eng_06_053_101-300-1-15.png,70.85,0.9
376,output/eng_06_053_101-300-16-30.png,111.92,0.9
377,output/eng_06_053_101-300-31-36.png,31.42,0.95
378,output/eng_06_053_158-300-1-15.png,117.83,0.9
379,output/eng_06_053_158-300-16-30.png,196.35,0.9
380,output/eng_06_053_158-300-31-33.png,19.16,0.93
381,output/eng_06_054_027-300-1-15.png,83.59,0.89
382,output/eng_06_054_027-300-16-30.png,105.94,0.9
383,output/eng_06_054_027-300-31-37.png,49.87,0.95
384,output/eng_06_054_057-300-1-15.png,85.61,0.89
385,output/eng_06_054_057-300-16-30.png,279.83,0.89
386,output/eng_06_054_057-300-31-45.png,126.79,0.89
387,output/eng_06_054_057-300-46-46.png,24.67,0.99
388,output/eng_06_054_131-300-1-15.png,101.27,0.89
389,output/eng_06_054_131-300-16-30.png,80.24,0.89
390,output/eng_06_054_131-300-31-45.png,158.69,0.9
391,output/eng_06_054_131-300-46-47.png,19.58,0.94
392,output/eng_06_055_012-300-1-15.png,69.23,0.89
393,output/eng_06_055_012-300-16-30.png,108.5,0.89
394,output/eng_06_055_012-300-31-37.png,39.83,0.94
395,output/eng_06_055_050-300-1-15.png,140.46,0.9
396,output/eng_06_055_050-300-16-27.png,103.46,0.93
397,output/eng_06_055_076-300-1-15.png,72.03,0.9
398,output/eng_06_055_076-300-16-30.png,142.49,0.9
399,output/eng_06_055_076-300-31-39.png,62.42,0.94
400,output/eng_06_055_139-300-1-15.png,80.98,0.9
401,output/eng_06_055_139-300-16-30.png,106.82,0.9
402,output/eng_06_055_139-300-31-34.png,28.92,0.93
403,output/eng_06_056_014-300-1-15.png,76.13,0.9
404,output/eng_06_056_014-300-16-30.png,650.95,0.89
405,output/eng_06_056_014-300-31-36.png,33.9,0.94
406,output/eng_06_056_070-300-1-15.png,83.7,0.9
407,output/eng_06_056_070-300-16-29.png,120.78,0.92
408,output/eng_06_056_071-300-1-15.png,103.42,0.9
409,output/eng_06_056_071-300-16-20.png,33.99,0.93
410,output/eng_06_056_097-300-1-15.png,88.83,0.9
411,output/eng_06_056_097-300-16-30.png,464.13,0.9
412,output/eng_06_056_097-300-31-31.png,14.44,0.94
413,output/eng_06_056_132-300-1-15.png,63.95,0.9
414,output/eng_06_056_132-300-16-30.png,97.98,0.9
415,output/eng_06_056_132-300-31-34.png,44.83,0.92
416,output/eng_06_056_176-300-1-15.png,73.56,0.9
417,output/eng_06_056_176-300-16-30.png,128.58,0.9
418,output/eng_06_056_176-300-31-45.png,92.29,0.9
419,output/eng_06_056_176-300-46-47.png,17.72,0.92
420,output/eng_06_057_005-300-1-15.png,123.46,0.9
421,output/eng_06_057_005-300-16-30.png,245.25,0.9
422,output/eng_06_057_005-300-31-41.png,50.6,0.92
423,output/eng_06_057_090-300-1-15.png,108.92,0.9
424,output/eng_06_057_090-300-16-30.png,528.65,0.9
425,output/eng_06_057_090-300-31-41.png,51.65,0.92
426,output/eng_06_058_050-300-1-15.png,73.87,0.89
427,output/eng_06_058_050-300-16-30.png,317.4,0.9
428,output/eng_06_058_050-300-31-45.png,564.81,0.9
429,output/eng_06_058_050-300-46-46.png,10.55,0.9
430,output/eng_06_059_029-300-1-15.png,75.76,0.9
431,output/eng_06_059_029-300-16-30.png,179.49,0.9
432,output/eng_06_059_029-300-31-45.png,311.17,0.9
433,output/eng_06_059_170-300-1-8.png,77.26,0.95
434,output/eng_06_060_016-300-1-15.png,122.94,0.9
435,output/eng_06_060_016-300-16-30.png,159.04,0.9
436,output/eng_06_060_016-300-31-45.png,120.61,0.9
437,output/eng_06_060_016-300-46-46.png,15.16,0.92
438,output/eng_06_060_024-300-1-15.png,116.69,0.9
439,output/eng_06_060_024-300-16-30.png,104.53,0.9
440,output/eng_06_060_024-300-31-44.png,66.84,0.93
441,output/eng_06_060_035-300-1-15.png,106.86,0.9
442,output/eng_06_060_035-300-16-30.png,125.3,0.9
443,output/eng_06_060_035-300-31-45.png,78.26,0.89
444,output/eng_06_060_035-300-46-49.png,25.94,0.92
445,output/eng_06_060_060-300-1-15.png,107.67,0.9
446,output/eng_06_060_060-300-16-30.png,82.92,0.9
447,output/eng_06_060_060-300-31-45.png,72.45,0.9
448,output/eng_06_060_117-300-1-15.png,106.45,0.9
449,output/eng_06_060_117-300-16-30.png,304.87,0.89
450,output/eng_06_060_117-300-31-45.png,470.94,0.9
451,output/eng_06_060_117-300-46-46.png,12.96,0.92
452,output/eng_06_060_121-300-1-15.png,116.63,0.9
453,output/eng_06_060_121-300-16-30.png,1636.9,0.9
454,output/eng_06_060_121-300-31-45.png,72.17,0.9
455,output/eng_07_061_061-300-1-15.png,79.1,0.89
456,output/eng_07_061_061-300-16-30.png,124.26,0.89
457,output/eng_07_061_061-300-31-36.png,50.27,0.95
458,output/eng_07_061_102-300-1-15.png,68.61,0.9
459,output/eng_07_061_102-300-16-30.png,109.43,0.89
460,output/eng_07_061_102-300-31-41.png,61.43,0.93
461,output/eng_07_061_157-300-1-15.png,93.25,0.9
462,output/eng_07_061_157-300-16-30.png,118.33,0.89
463,output/eng_07_061_157-300-31-42.png,104.47,0.94
464,output/eng_07_062_039-300-1-15.png,93.16,0.9
465,output/eng_07_062_039-300-16-30.png,103.92,0.89
466,output/eng_07_062_110-300-1-15.png,83.1,0.89
467,output/eng_07_062_110-300-16-30.png,69.31,0.9
468,output/eng_07_062_110-300-31-45.png,80.22,0.9
469,output/eng_07_062_110-300-46-46.png,14.42,0.92
470,output/eng_07_062_130-300-1-15.png,129.03,0.9
471,output/eng_07_062_130-300-16-30.png,148.04,0.89
472,output/eng_07_062_130-300-31-36.png,51.43,0.95
473,output/eng_07_063_014-300-1-15.png,111.61,0.9
474,output/eng_07_063_014-300-16-30.png,101.8,0.9
475,output/eng_07_063_014-300-31-45.png,142.3,0.89
476,output/eng_07_063_014-300-46-46.png,40.64,0.94
477,output/eng_07_063_021-300-1-15.png,109.95,0.9
478,output/eng_07_063_021-300-16-30.png,116.26,0.89
479,output/eng_07_063_021-300-31-36.png,74.19,0.95
480,output/eng_07_063_027-300-1-15.png,63.44,0.89
481,output/eng_07_063_027-300-16-26.png,52.08,0.93
482,output/eng_07_063_064-300-1-15.png,67.1,0.9
483,output/eng_07_063_064-300-16-30.png,192.21,0.9
484,output/eng_07_063_064-300-31-44.png,95.75,0.93
485,output/eng_07_063_068-300-1-15.png,87.26,0.9
486,output/eng_07_063_068-300-16-29.png,77.48,0.93
487,output/eng_07_063_141-300-1-15.png,121.17,0.9
488,output/eng_07_063_141-300-16-27.png,51.31,0.94
489,output/eng_07_064_142-300-1-15.png,71.59,0.89
490,output/eng_07_064_142-300-16-30.png,89.35,0.89
491,output/eng_07_064_142-300-31-41.png,81.17,0.93
492,output/eng_07_064_147-300-1-15.png,70.12,0.9
493,output/eng_07_064_147-300-16-30.png,187.71,0.9
494,output/eng_07_064_147-300-31-43.png,58.03,0.91
495,output/eng_07_064_152-300-1-15.png,150.18,0.9
496,output/eng_07_064_152-300-16-30.png,367.48,0.89
497,output/eng_07_064_152-300-31-45.png,455.0,0.9
498,output/eng_07_064_178-300-1-15.png,113.56,0.9
499,output/eng_07_064_178-300-16-30.png,106.64,0.9
500,output/eng_07_064_178-300-31-40.png,47.56,0.92
501,output/eng_07_065_039-300-1-15.png,79.79,0.9
502,output/eng_07_065_039-300-16-30.png,301.38,0.89
503,output/eng_07_065_039-300-31-36.png,59.94,0.95
504,output/eng_07_066_047-300-1-15.png,62.08,0.9
505,output/eng_07_066_047-300-16-30.png,94.4,0.89
506,output/eng_07_066_047-300-31-31.png,15.39,0.94
507,output/eng_07_066_058-300-1-15.png,92.49,0.9
508,output/eng_07_066_058-300-16-30.png,287.29,0.89
509,output/eng_07_066_058-300-31-44.png,150.0,0.93
510,output/eng_07_066_139-300-1-15.png,76.05,0.9
511,output/eng_07_066_139-300-16-30.png,167.44,0.9
512,output/eng_07_066_139-300-31-41.png,62.15,0.92
513,output/eng_07_067_080-300-1-15.png,73.6,0.9
514,output/eng_07_067_080-300-16-30.png,90.31,0.9
515,output/eng_07_067_080-300-31-37.png,40.89,0.94
516,output/eng_07_067_096-300-1-15.png,113.74,0.9
517,output/eng_07_067_096-300-16-30.png,89.8,0.9
518,output/eng_07_068_018-300-1-15.png,77.84,0.9
519,output/eng_07_068_018-300-16-30.png,112.32,0.89
520,output/eng_07_068_018-300-31-41.png,98.08,0.92
521,output/eng_07_068_041-300-1-15.png,146.42,0.9
522,output/eng_07_068_041-300-16-22.png,44.72,0.95
523,output/eng_07_068_047-300-1-15.png,72.27,0.9
524,output/eng_07_068_047-300-16-30.png,75.18,0.9
525,output/eng_07_068_047-300-31-42.png,57.22,0.94
526,output/eng_07_068_050-300-1-15.png,102.01,0.9
527,output/eng_07_068_050-300-16-30.png,97.57,0.89
528,output/eng_07_068_050-300-31-35.png,29.43,0.94
529,output/eng_07_068_084-300-1-15.png,94.76,0.9
530,output/eng_07_068_084-300-16-30.png,116.75,0.89
531,output/eng_07_068_084-300-31-45.png,89.77,0.89
532,output/eng_07_068_084-300-46-46.png,14.25,0.93
533,output/eng_07_068_117-300-1-15.png,97.64,0.89
534,output/eng_07_068_117-300-16-30.png,113.04,0.89
535,output/eng_07_068_117-300-31-34.png,44.37,0.93
536,output/eng_07_070_068-300-1-15.png,112.66,0.9
537,output/eng_07_070_068-300-16-30.png,149.79,0.9
538,output/eng_07_070_068-300-31-45.png,113.26,0.89
539,output/eng_07_070_095-300-1-15.png,77.16,0.89
540,output/eng_07_070_095-300-16-30.png,114.01,0.89
541,output/eng_07_070_095-300-31-38.png,40.42,0.95
542,output/eng_07_070_125-300-1-15.png,70.83,0.9
543,output/eng_07_070_125-300-16-30.png,200.0,0.9
544,output/eng_07_070_125-300-31-45.png,96.61,0.9
545,output/eng_07_070_125-300-46-47.png,10.39,0.95
546,output/eng_07_071_072-300-1-15.png,68.04,0.9
547,output/eng_07_071_072-300-16-25.png,65.73,0.92
548,output/eng_07_071_084-300-1-15.png,120.99,0.9
549,output/eng_07_071_084-300-16-30.png,120.57,0.9
550,output/eng_07_071_084-300-31-32.png,22.65,0.94
551,output/eng_07_071_152-300-1-15.png,107.78,0.9
552,output/eng_07_071_152-300-16-30.png,118.04,0.89
553,output/eng_07_071_152-300-31-45.png,87.44,0.9
554,output/eng_07_071_152-300-46-46.png,23.45,0.97
555,output/eng_07_072_016-300-1-15.png,59.94,0.9
556,output/eng_07_072_016-300-16-30.png,92.95,0.9
557,output/eng_07_072_016-300-31-35.png,29.33,0.94
558,output/eng_07_072_087-300-1-15.png,121.4,0.9
559,output/eng_07_072_087-300-16-30.png,90.58,0.9
560,output/eng_07_072_087-300-31-45.png,391.19,0.9
561,output/eng_07_072_087-300-46-49.png,48.2,0.92
562,output/eng_07_072_114-300-1-15.png,117.26,0.9
563,output/eng_07_072_114-300-16-30.png,128.93,0.9
564,output/eng_07_072_114-300-31-32.png,15.94,0.96
565,output/eng_07_073_003-300-1-15.png,74.31,0.89
566,output/eng_07_073_003-300-16-30.png,101.2,0.9
567,output/eng_07_073_003-300-31-41.png,54.22,0.93
568,output/eng_07_073_013-300-1-15.png,107.08,0.9
569,output/eng_07_073_013-300-16-30.png,178.81,0.89
570,output/eng_07_073_013-300-31-40.png,98.91,0.93
571,output/eng_07_073_111-300-1-15.png,80.35,0.89
572,output/eng_07_073_111-300-16-30.png,127.15,0.89
573,output/eng_07_073_111-300-31-39.png,48.41,0.94
574,output/eng_08_074_139-300-1-15.png,116.66,0.89
575,output/eng_08_074_139-300-16-30.png,151.79,0.89
576,output/eng_08_074_139-300-31-33.png,47.84,0.94
577,output/eng_08_074_157-300-1-15.png,76.8,0.89
578,output/eng_08_074_157-300-16-30.png,336.1,0.9
579,output/eng_08_074_157-300-31-32.png,24.54,0.95
580,output/eng_08_076_008-300-1-15.png,71.63,0.9
581,output/eng_08_076_008-300-16-27.png,64.27,0.94
582,output/eng_08_077_066-300-1-15.png,79.24,0.9
583,output/eng_08_077_066-300-16-30.png,98.99,0.89
584,output/eng_08_077_066-300-31-45.png,96.29,0.89
585,output/eng_08_077_163-300-1-15.png,119.44,0.9
586,output/eng_08_077_163-300-16-30.png,122.79,0.9
587,output/eng_08_078_037-300-1-15.png,73.21,0.9
588,output/eng_08_078_037-300-16-30.png,215.82,0.89
589,output/eng_08_078_037-300-31-37.png,71.26,0.94
590,output/eng_08_078_082-300-1-15.png,106.1,0.89
591,output/eng_08_078_082-300-16-30.png,99.06,0.89
592,output/eng_08_078_082-300-31-40.png,89.58,0.92
593,output/eng_08_078_139-300-1-15.png,106.1,0.9
594,output/eng_08_078_139-300-16-30.png,95.91,0.9
595,output/eng_08_078_139-300-31-34.png,53.73,0.93
596,output/eng_08_079_024-300-1-15.png,157.45,0.9
597,output/eng_08_079_024-300-16-30.png,122.97,0.89
598,output/eng_08_079_024-300-31-31.png,22.18,0.93
599,output/eng_08_079_087-300-1-15.png,124.85,0.9
600,output/eng_08_079_087-300-16-30.png,131.91,0.89
601,output/eng_08_079_087-300-31-45.png,188.3,0.9
602,output/eng_08_079_087-300-46-48.png,22.61,0.93
603,output/eng_08_080_069-300-1-15.png,115.55,0.9
604,output/eng_08_080_069-300-16-30.png,101.28,0.89
605,output/eng_08_080_069-300-31-41.png,50.26,0.93
606,output/eng_08_081_123-300-1-15.png,62.17,0.9
607,output/eng_08_081_123-300-16-30.png,189.11,0.89
608,output/eng_08_081_123-300-31-45.png,107.06,0.9
609,output/eng_08_081_123-300-46-48.png,35.66,0.91
610,output/eng_08_083_046-300-1-15.png,106.79,0.9
611,output/eng_08_083_046-300-16-30.png,91.24,0.89
612,output/eng_08_083_046-300-31-45.png,132.04,0.9
613,output/eng_08_083_046-300-46-49.png,25.11,0.93
614,output/eng_08_083_124-300-1-15.png,95.17,0.9
615,output/eng_08_083_124-300-16-27.png,61.47,0.93
616,output/eng_08_083_135-300-1-15.png,68.6,0.9
617,output/eng_08_083_135-300-16-22.png,35.8,0.94
618,output/eng_08_084_036-300-1-15.png,98.67,0.9
619,output/eng_08_084_036-300-16-30.png,169.98,0.89
620,output/eng_08_084_036-300-31-36.png,55.04,0.95
621,output/eng_08_084_138-300-1-15.png,120.45,0.89
622,output/eng_08_084_138-300-16-30.png,496.88,0.89
623,output/eng_08_084_138-300-31-43.png,81.89,0.91
624,output/eng_08_085_013-300-1-15.png,107.19,0.89
625,output/eng_08_085_013-300-16-30.png,84.19,0.9
626,output/eng_08_085_013-300-31-45.png,145.8,0.9
627,output/eng_08_085_013-300-46-48.png,15.82,0.94
628,output/eng_08_086_094-300-1-15.png,64.52,0.9
629,output/eng_08_086_094-300-16-30.png,87.82,0.9
630,output/eng_08_086_094-300-31-45.png,140.81,0.9
631,output/eng_08_086_094-300-46-49.png,46.54,0.93
632,output/eng_08_087_108-300-1-15.png,102.68,0.89
633,output/eng_08_087_108-300-16-30.png,116.41,0.89
634,output/eng_08_087_108-300-31-35.png,25.37,0.95
635,output/eng_09_088_025-300-1-15.png,61.14,0.9
636,output/eng_09_088_025-300-16-30.png,120.87,0.89
637,output/eng_09_088_025-300-31-37.png,33.43,0.95
638,output/eng_09_088_100-300-1-15.png,62.8,0.9
639,output/eng_09_088_100-300-16-29.png,114.41,0.93
640,output/eng_09_088_107-300-1-15.png,133.11,0.9
641,output/eng_09_088_107-300-16-30.png,119.59,0.9
642,output/eng_09_088_107-300-31-39.png,96.76,0.95
643,output/eng_09_088_108-300-1-15.png,72.6,0.9
644,output/eng_09_088_108-300-16-24.png,55.28,0.95
645,output/eng_09_088_184-300-1-15.png,79.94,0.9
646,output/eng_09_088_184-300-16-27.png,83.65,0.94
647,output/eng_09_089_035-300-1-15.png,94.58,0.89
648,output/eng_09_089_035-300-16-30.png,300.07,0.89
649,output/eng_09_089_035-300-31-40.png,42.83,0.92
650,output/eng_09_090_022-300-1-15.png,85.13,0.9
651,output/eng_09_090_022-300-16-30.png,121.72,0.89
652,output/eng_09_090_022-300-31-31.png,13.74,0.95
653,output/eng_09_090_054-300-1-15.png,83.97,0.9
654,output/eng_09_090_054-300-16-28.png,90.56,0.91
655,output/eng_09_090_164-300-1-15.png,96.48,0.9
656,output/eng_09_090_164-300-16-30.png,128.12,0.89
657,output/eng_09_090_164-300-31-35.png,28.68,0.95
658,output/eng_09_090_182-300-1-15.png,60.8,0.9
659,output/eng_09_090_182-300-16-30.png,95.46,0.89
660,output/eng_09_090_182-300-31-42.png,55.64,0.93
661,output/eng_09_091_055-300-1-15.png,73.06,0.9
662,output/eng_09_091_055-300-16-30.png,306.6,0.89
663,output/eng_09_091_055-300-31-40.png,65.2,0.92
664,output/eng_09_091_094-300-1-15.png,110.59,0.9
665,output/eng_09_091_094-300-16-30.png,104.96,0.9
666,output/eng_09_091_094-300-31-40.png,66.6,0.92
667,output/eng_09_092_002-300-1-15.png,108.57,0.9
668,output/eng_09_092_002-300-16-27.png,52.53,0.94
669,output/eng_09_092_115-300-1-15.png,111.74,0.9
670,output/eng_09_092_115-300-16-30.png,67.03,0.89
671,output/eng_09_092_115-300-31-45.png,74.27,0.9
672,output/eng_09_092_115-300-46-46.png,15.43,0.98
673,output/eng_09_092_182-300-1-15.png,67.42,0.9
674,output/eng_09_092_182-300-16-26.png,59.49,0.92
675,output/eng_10_093_020-300-1-15.png,89.78,0.9
676,output/eng_10_093_020-300-16-30.png,122.94,0.89
677,output/eng_10_093_020-300-31-42.png,85.08,0.93
678,output/eng_10_093_124-300-1-15.png,114.28,0.89
679,output/eng_10_093_124-300-16-30.png,108.34,0.9
680,output/eng_10_093_124-300-31-32.png,13.62,0.95
681,output/eng_10_093_156-300-1-15.png,151.02,0.9
682,output/eng_10_093_156-300-16-30.png,87.65,0.89
683,output/eng_10_094_067-300-1-15.png,101.38,0.9
684,output/eng_10_094_067-300-16-30.png,1252.72,0.9
685,output/eng_10_094_067-300-31-33.png,25.99,0.93
686,output/eng_10_094_164-300-1-15.png,67.55,0.9
687,output/eng_10_094_164-300-16-30.png,76.18,0.89
688,output/eng_10_094_164-300-31-33.png,21.67,0.94
689,output/eng_10_095_058-300-1-15.png,66.31,0.9
690,output/eng_10_095_058-300-16-30.png,119.98,0.89
691,output/eng_10_095_058-300-31-38.png,38.35,0.95
692,output/eng_10_095_120-300-1-15.png,98.67,0.9
693,output/eng_10_095_120-300-16-30.png,111.05,0.9
694,output/eng_10_095_120-300-31-36.png,49.22,0.95
695,output/eng_10_095_123-300-1-15.png,64.18,0.9
696,output/eng_10_095_123-300-16-30.png,122.41,0.89
697,output/eng_10_096_087-300-1-15.png,65.84,0.9
698,output/eng_10_096_087-300-16-30.png,102.02,0.9
699,output/eng_10_096_087-300-31-36.png,46.73,0.95
700,output/eng_10_096_095-300-1-15.png,90.63,0.9
701,output/eng_10_096_095-300-16-30.png,107.33,0.89
702,output/eng_10_096_095-300-31-36.png,33.34,0.95
703,output/eng_10_096_146-300-1-15.png,72.9,0.9
704,output/eng_10_096_146-300-16-30.png,101.32,0.89
705,output/eng_10_096_146-300-31-44.png,80.88,0.93
706,output/eng_10_097_069-300-1-15.png,94.45,0.9
707,output/eng_10_097_069-300-16-30.png,123.8,0.89
708,output/eng_10_097_069-300-31-44.png,111.22,0.93
709,output/eng_10_097_096-300-1-15.png,73.4,0.9
710,output/eng_10_097_096-300-16-30.png,111.23,0.9
711,output/eng_10_097_096-300-31-32.png,20.35,0.94
712,output/eng_10_098_028-300-1-15.png,91.91,0.89
713,output/eng_10_098_028-300-16-30.png,108.09,0.9
714,output/eng_10_098_028-300-31-40.png,51.6,0.92
715,output/eng_10_098_047-300-1-15.png,68.79,0.89
716,output/eng_10_098_047-300-16-30.png,110.75,0.9
717,output/eng_10_098_047-300-31-34.png,22.19,0.93
718,output/eng_10_098_049-300-1-15.png,72.19,0.9
719,output/eng_10_098_049-300-16-30.png,83.88,0.89
720,output/eng_10_098_049-300-31-38.png,41.85,0.94
721,output/eng_10_098_162-300-1-15.png,68.68,0.9
722,output/eng_10_098_162-300-16-30.png,266.63,0.89
723,output/eng_10_098_162-300-31-41.png,47.2,0.93
724,output/eng_10_099_014-300-1-15.png,69.69,0.89
725,output/eng_10_099_014-300-16-30.png,109.35,0.9
726,output/eng_10_099_014-300-31-35.png,30.69,0.94
727,output/eng_10_099_103-300-1-15.png,61.56,0.9
728,output/eng_10_099_103-300-16-30.png,118.87,0.9
729,output/eng_10_099_103-300-31-36.png,38.14,0.95
730,output/eng_10_099_112-300-1-15.png,100.18,0.89
731,output/eng_10_099_112-300-16-25.png,56.04,0.92
732,output/eng_10_099_117-300-1-15.png,121.99,0.9
733,output/eng_10_099_117-300-16-29.png,124.01,0.93
734,output/eng_10_099_123-300-1-15.png,106.61,0.89
735,output/eng_10_099_123-300-16-27.png,69.8,0.94
736,output/eng_10_100_024-300-1-15.png,95.51,0.89
737,output/eng_10_100_024-300-16-30.png,126.03,0.89
738,output/eng_10_100_024-300-31-42.png,101.97,0.93
739,output/eng_10_101_031-300-1-15.png,115.1,0.9
740,output/eng_10_101_031-300-16-30.png,111.08,0.9
741,output/eng_10_101_031-300-31-37.png,35.46,0.94
742,output/eng_10_101_050-300-1-15.png,96.26,0.9
743,output/eng_10_101_050-300-16-30.png,93.82,0.9
744,output/eng_10_101_050-300-31-38.png,87.69,0.95
745,output/eng_10_101_114-300-1-15.png,118.53,0.9
746,output/eng_10_101_114-300-16-30.png,111.6,0.9
747,output/eng_10_101_114-300-31-45.png,100.31,0.9
748,output/eng_10_101_114-300-46-46.png,22.03,0.92
749,output/eng_10_101_164-300-1-15.png,91.63,0.9
750,output/eng_10_101_164-300-16-30.png,82.67,0.89
751,output/eng_10_101_164-300-31-36.png,50.25,0.94
752,output/eng_11_102_059-300-1-15.png,128.02,0.9
753,output/eng_11_102_059-300-16-30.png,71.9,0.9
754,output/eng_11_102_059-300-31-39.png,50.24,0.95
755,output/eng_11_102_109-300-1-15.png,74.97,0.9
756,output/eng_11_102_109-300-16-28.png,58.77,0.91
757,output/eng_11_103_049-300-1-15.png,105.57,0.9
758,output/eng_11_103_049-300-16-30.png,93.58,0.89
759,output/eng_11_103_049-300-31-45.png,286.57,0.9
760,output/eng_11_103_049-300-46-47.png,19.07,0.93
761,output/eng_11_103_169-300-1-15.png,79.0,0.9
762,output/eng_11_103_169-300-16-30.png,138.44,0.89
763,output/eng_11_103_169-300-31-44.png,106.9,0.93
764,output/eng_11_103_201-300-1-15.png,129.8,0.89
765,output/eng_11_103_201-300-16-30.png,102.83,0.9
766,output/eng_11_103_201-300-31-44.png,105.88,0.93
767,output/eng_11_104_163-300-1-15.png,100.01,0.9
768,output/eng_11_104_163-300-16-29.png,81.15,0.93
769,output/eng_11_104_194-300-1-15.png,108.92,0.9
770,output/eng_11_104_194-300-16-25.png,87.43,0.92
771,output/eng_11_105_156-300-1-15.png,74.2,0.9
772,output/eng_11_105_156-300-16-27.png,76.85,0.94
773,output/eng_11_105_166-300-1-15.png,106.23,0.9
774,output/eng_11_105_166-300-16-30.png,125.15,0.89
775,output/eng_11_105_166-300-31-33.png,24.52,0.94
776,output/eng_11_106_098-300-1-15.png,122.19,0.89
777,output/eng_11_106_098-300-16-30.png,118.07,0.9
778,output/eng_11_106_098-300-31-34.png,19.1,0.95
779,output/eng_11_106_162-300-1-15.png,98.8,0.89
780,output/eng_11_106_162-300-16-30.png,91.28,0.89
781,output/eng_11_106_162-300-31-39.png,70.45,0.95
782,output/eng_11_106_171-300-1-15.png,93.47,0.89
783,output/eng_11_106_171-300-16-30.png,86.9,0.9
784,output/eng_11_106_171-300-31-34.png,37.39,0.93
785,output/eng_11_107_067-300-1-15.png,96.07,0.9
786,output/eng_11_107_067-300-16-30.png,75.25,0.89
787,output/eng_11_107_067-300-31-40.png,50.44,0.92
788,output/eng_11_107_124-300-1-15.png,98.54,0.9
789,output/eng_11_107_124-300-16-27.png,66.21,0.93
790,output/eng_11_108_010-300-1-15.png,93.16,0.9
791,output/eng_11_108_010-300-16-30.png,118.16,0.9
792,output/eng_11_108_010-300-31-45.png,468.12,0.9
793,output/eng_11_108_010-300-46-49.png,28.59,0.92
794,output/eng_11_108_052-300-1-15.png,102.61,0.9
795,output/eng_11_108_052-300-16-30.png,129.44,0.9
796,output/eng_11_108_052-300-31-41.png,86.58,0.93
797,output/eng_11_109_054-300-1-15.png,105.57,0.9
798,output/eng_11_109_054-300-16-30.png,121.36,0.9
799,output/eng_11_109_054-300-31-34.png,41.7,0.94
800,output/eng_11_109_172-300-1-15.png,106.02,0.9
801,output/eng_11_109_172-300-16-30.png,97.97,0.9
802,output/eng_11_109_172-300-31-37.png,39.15,0.95
803,output/eng_11_109_179-300-1-15.png,71.89,0.9
804,output/eng_11_109_179-300-16-30.png,73.3,0.9
805,output/eng_11_109_179-300-31-35.png,32.68,0.94
806,output/eng_11_110_084-300-1-15.png,76.13,0.89
807,output/eng_11_110_084-300-16-30.png,117.25,0.89
808,output/eng_11_110_084-300-31-45.png,154.64,0.9
809,output/eng_11_110_123-300-1-15.png,67.25,0.89
810,output/eng_11_110_123-300-16-30.png,385.85,0.9
811,output/eng_11_110_123-300-31-35.png,41.2,0.94
812,output/eng_11_110_140-300-1-15.png,139.67,0.89
813,output/eng_11_110_140-300-16-30.png,111.58,0.9
814,output/eng_11_110_140-300-31-45.png,69.37,0.9
815,output/eng_11_110_140-300-46-48.png,22.33,0.94
816,output/eng_12_111_126-300-1-15.png,108.74,0.9
817,output/eng_12_111_126-300-16-25.png,54.08,0.93
818,output/eng_12_112_070-300-1-15.png,69.38,0.9
819,output/eng_12_112_070-300-16-30.png,115.99,0.9
820,output/eng_12_112_070-300-31-42.png,58.58,0.94
821,output/eng_12_112_101-300-1-15.png,74.42,0.9
822,output/eng_12_112_101-300-16-29.png,114.1,0.92
823,output/eng_12_113_002-300-1-15.png,63.8,0.89
824,output/eng_12_113_002-300-16-30.png,149.45,0.9
825,output/eng_12_113_002-300-31-35.png,29.89,0.94
826,output/eng_12_113_032-300-1-15.png,97.17,0.9
827,output/eng_12_113_032-300-16-30.png,301.38,0.9
828,output/eng_12_113_032-300-31-31.png,20.72,0.94
829,output/eng_12_113_086-300-1-15.png,60.08,0.9
830,output/eng_12_113_086-300-16-30.png,68.97,0.89
831,output/eng_12_113_135-300-1-15.png,73.94,0.9
832,output/eng_12_113_135-300-16-30.png,476.95,0.9
833,output/eng_12_113_135-300-31-33.png,16.42,0.92
834,output/eng_12_113_142-300-1-15.png,86.76,0.9
835,output/eng_12_113_142-300-16-30.png,75.03,0.89
836,output/eng_12_113_142-300-31-32.png,17.15,0.94
837,output/eng_12_113_154-300-1-15.png,78.93,0.9
838,output/eng_12_113_154-300-16-27.png,78.62,0.93
839,output/eng_12_113_189-300-1-15.png,87.66,0.9
840,output/eng_12_113_189-300-16-30.png,75.43,0.89
841,output/eng_12_113_189-300-31-45.png,76.17,0.89
842,output/eng_12_113_204-300-1-15.png,59.93,0.9
843,output/eng_12_113_204-300-16-30.png,143.54,0.89
844,output/eng_12_113_204-300-31-39.png,47.57,0.95
845,output/eng_12_114_001-300-1-15.png,66.74,0.9
846,output/eng_12_114_001-300-16-30.png,103.21,0.89
847,output/eng_12_114_001-300-31-45.png,312.34,0.9
848,output/eng_12_114_001-300-46-50.png,25.75,0.94
849,output/eng_12_114_182-300-1-15.png,80.88,0.89
850,output/eng_12_114_182-300-16-28.png,87.21,0.91
851,output/eng_12_115_062-300-1-15.png,111.26,0.9
852,output/eng_12_115_062-300-16-30.png,294.39,0.9
853,output/eng_12_115_062-300-31-32.png,12.01,0.94
854,output/eng_12_115_107-300-1-15.png,103.44,0.9
855,output/eng_12_115_107-300-16-30.png,84.27,0.9
856,output/eng_12_115_107-300-31-45.png,915.9,0.9
857,output/eng_12_115_107-300-46-46.png,18.66,0.94
858,output/eng_12_115_160-300-1-15.png,117.57,0.9
859,output/eng_12_115_160-300-16-21.png,48.63,0.94
860,output/eng_13_117_047-300-1-15.png,100.63,0.9
861,output/eng_13_117_047-300-16-30.png,104.1,0.9
862,output/eng_13_117_047-300-31-38.png,59.66,0.95
863,output/eng_13_117_154-300-1-15.png,110.83,0.89
864,output/eng_13_117_154-300-16-30.png,82.64,0.89
865,output/eng_13_117_154-300-31-44.png,93.69,0.92
866,output/eng_13_118_042-300-1-15.png,85.44,0.89
867,output/eng_13_118_042-300-16-30.png,107.97,0.9
868,output/eng_13_118_042-300-31-39.png,45.67,0.95
869,output/eng_13_118_054-300-1-15.png,96.96,0.89
870,output/eng_13_118_054-300-16-30.png,182.71,0.89
871,output/eng_13_118_054-300-31-44.png,101.92,0.92
872,output/eng_13_119_046-300-1-15.png,81.25,0.9
873,output/eng_13_119_046-300-16-30.png,173.3,0.9
874,output/eng_13_119_046-300-31-42.png,58.02,0.94
875,output/eng_13_119_154-300-1-15.png,114.87,0.9
876,output/eng_13_119_154-300-16-30.png,520.6,0.9
877,output/eng_13_119_154-300-31-39.png,60.78,0.95
878,output/eng_13_120_043-300-1-15.png,68.74,0.9
879,output/eng_13_120_043-300-16-30.png,99.29,0.9
880,output/eng_13_120_043-300-31-32.png,27.52,0.94
881,output/eng_13_120_051-300-1-15.png,74.38,0.9
882,output/eng_13_120_051-300-16-30.png,71.53,0.9
883,output/eng_13_120_051-300-31-39.png,62.37,0.94
884,output/eng_13_120_057-300-1-15.png,104.63,0.9
885,output/eng_13_120_057-300-16-30.png,680.58,0.9
886,output/eng_13_120_057-300-31-45.png,147.43,0.9
887,output/eng_13_120_096-300-1-15.png,70.12,0.89
888,output/eng_13_120_096-300-16-30.png,67.91,0.9
889,output/eng_13_120_096-300-31-37.png,84.02,0.94
890,output/eng_13_121_033-300-1-15.png,176.29,0.89
891,output/eng_13_121_033-300-16-30.png,790.01,0.89
892,output/eng_13_121_033-300-31-45.png,80.88,0.9
893,output/eng_13_121_108-300-1-15.png,90.06,0.89
894,output/eng_13_121_108-300-16-30.png,1337.77,0.89
895,output/eng_13_121_108-300-31-41.png,54.9,0.93
896,output/eng_13_121_184-300-1-15.png,77.71,0.9
897,output/eng_13_121_184-300-16-29.png,96.83,0.93
898,output/eng_13_122_011-300-1-15.png,68.78,0.89
899,output/eng_13_122_011-300-16-30.png,140.2,0.89
900,output/eng_13_122_011-300-31-45.png,82.82,0.9
901,output/eng_13_122_011-300-46-46.png,12.06,0.98
902,output/eng_13_126_046-300-1-15.png,103.2,0.89
903,output/eng_13_126_046-300-16-30.png,599.44,0.9
904,output/eng_13_126_046-300-31-40.png,62.62,0.92
905,output/eng_14_127_021-300-1-15.png,141.81,0.9
906,output/eng_14_127_021-300-16-24.png,45.61,0.95
907,output/eng_14_127_055-300-1-15.png,72.11,0.9
908,output/eng_14_127_055-300-16-30.png,71.45,0.9
909,output/eng_14_127_055-300-31-33.png,28.73,0.93
910,output/eng_14_127_085-300-1-15.png,66.37,0.9
911,output/eng_14_127_085-300-16-30.png,85.48,0.89
912,output/eng_14_127_182-300-1-15.png,102.74,0.9
913,output/eng_14_127_182-300-16-30.png,514.54,0.9
914,output/eng_14_127_182-300-31-36.png,45.41,0.95
915,output/eng_14_128_079-300-1-15.png,112.58,0.9
916,output/eng_14_128_079-300-16-20.png,34.07,0.93
917,output/eng_14_128_129-300-1-15.png,106.43,0.9
918,output/eng_14_128_129-300-16-26.png,44.06,0.93
919,output/eng_14_128_152-300-1-15.png,78.32,0.89
920,output/eng_14_128_152-300-16-27.png,94.0,0.94
921,output/eng_14_129_035-300-1-15.png,82.27,0.9
922,output/eng_14_129_035-300-16-30.png,101.16,0.89
923,output/eng_14_129_104-300-1-15.png,111.63,0.9
924,output/eng_14_129_104-300-16-23.png,85.9,0.94
925,output/eng_14_130_116-300-1-15.png,69.6,0.89
926,output/eng_14_130_116-300-16-30.png,101.37,0.89
927,output/eng_14_130_116-300-31-42.png,88.88,0.93
928,output/eng_14_131_118-300-1-15.png,88.25,0.9
929,output/eng_14_131_118-300-16-30.png,214.19,0.89
930,output/eng_14_131_118-300-31-39.png,51.2,0.95
931,output/eng_14_131_122-300-1-15.png,114.5,0.9
932,output/eng_14_131_122-300-16-30.png,108.59,0.89
933,output/eng_14_131_122-300-31-44.png,67.91,0.93
934,output/eng_14_131_201-300-1-15.png,101.54,0.89
935,output/eng_14_131_201-300-16-30.png,324.23,0.89
936,output/eng_14_131_201-300-31-39.png,54.19,0.94
937,output/eng_14_132_021-300-1-15.png,93.57,0.89
938,output/eng_14_132_021-300-16-30.png,106.82,0.89
939,output/eng_14_132_021-300-31-43.png,106.56,0.91
940,output/eng_14_132_051-300-1-15.png,142.87,0.9
941,output/eng_14_132_051-300-16-30.png,86.35,0.9
942,output/eng_14_132_051-300-31-43.png,61.82,0.91
943,output/eng_14_132_088-300-1-15.png,97.85,0.9
944,output/eng_14_132_088-300-16-30.png,147.45,0.89
945,output/eng_14_132_088-300-31-34.png,53.79,0.93
946,output/eng_14_132_162-300-1-15.png,114.31,0.9
947,output/eng_14_132_162-300-16-30.png,99.54,0.89
948,output/eng_14_132_162-300-31-39.png,54.77,0.95
949,output/eng_14_133_020-300-1-15.png,79.97,0.9
950,output/eng_14_133_020-300-16-30.png,77.79,0.89
951,output/eng_14_133_020-300-31-36.png,46.34,0.94
952,output/eng_14_133_038-300-1-15.png,96.15,0.89
953,output/eng_14_133_038-300-16-30.png,116.64,0.89
954,output/eng_14_133_038-300-31-39.png,51.75,0.95
955,output/eng_14_133_125-300-1-15.png,83.84,0.89
956,output/eng_14_133_125-300-16-30.png,113.92,0.9
957,output/eng_14_133_125-300-31-36.png,28.53,0.94
958,output/eng_14_133_165-300-1-15.png,175.36,0.9
959,output/eng_14_133_165-300-16-30.png,93.87,0.9
960,output/eng_14_133_165-300-31-42.png,100.71,0.93
961,output/eng_14_134_151-300-1-15.png,77.59,0.9
962,output/eng_14_134_151-300-16-29.png,61.87,0.92
963,output/eng_14_135_077-300-1-15.png,61.86,0.89
964,output/eng_14_135_077-300-16-28.png,64.06,0.9
965,output/eng_14_135_119-300-1-15.png,116.49,0.9
966,output/eng_14_135_119-300-16-30.png,329.83,0.9
967,output/eng_14_135_119-300-31-41.png,79.31,0.93
968,output/eng_14_136_127-300-1-15.png,117.21,0.9
969,output/eng_14_136_127-300-16-30.png,383.33,0.9
970,output/eng_14_136_127-300-31-32.png,23.88,0.94
971,output/eng_14_136_141-300-1-15.png,69.22,0.9
972,output/eng_14_136_141-300-16-25.png,77.3,0.92
973,output/eng_14_136_159-300-1-15.png,130.25,0.9
974,output/eng_14_136_159-300-16-28.png,62.55,0.91
975,output/eng_14_136_164-300-1-15.png,110.98,0.9
976,output/eng_14_136_164-300-16-30.png,118.4,0.89
977,output/eng_14_137_004-300-1-15.png,104.29,0.9
978,output/eng_14_137_004-300-16-30.png,131.8,0.89
979,output/eng_14_137_004-300-31-42.png,89.61,0.93
980,output/eng_14_137_028-300-1-15.png,86.23,0.9
981,output/eng_14_137_028-300-16-30.png,337.0,0.9
982,output/eng_14_137_028-300-31-44.png,164.85,0.92
983,output/eng_14_137_081-300-1-15.png,103.38,0.9
984,output/eng_14_137_081-300-16-30.png,269.11,0.89
985,output/eng_14_137_081-300-31-45.png,268.64,0.9
986,output/eng_14_137_154-300-1-15.png,159.78,0.89
987,output/eng_14_137_154-300-16-30.png,760.38,0.89
988,output/eng_14_137_154-300-31-31.png,25.37,0.95
989,output/eng_14_138_126-300-1-15.png,96.96,0.89
990,output/eng_14_138_126-300-16-23.png,39.01,0.95
991,output/eng_14_139_122-300-1-15.png,105.15,0.89
992,output/eng_14_139_122-300-16-30.png,644.09,0.89
993,output/eng_14_139_122-300-31-33.png,24.73,0.93
994,output/eng_14_139_123-300-1-15.png,94.27,0.9
995,output/eng_14_139_123-300-16-30.png,334.01,0.89
996,output/eng_14_139_123-300-31-44.png,85.66,0.93
997,output/eng_14_140_122-300-1-15.png,292.23,0.89
998,output/eng_14_140_122-300-16-30.png,150.11,0.9
999,output/eng_14_140_122-300-31-43.png,95.98,0.9
1000,output/eng_14_136_164-300-31-35.png,33.13,0.93
